Date comptable,Texte,Débit,Crédit,Date de valeur,Solde
03.05.2024,"Retrait en CHF à un automate CS ,CSCH CS Turgi 2 ",100.00,,02.05.2024,230876.66
02.05.2024,"Recouvrement LSV ,AXA Versicherungen AG ",213.90,,02.05.2024,230976.66
02.05.2024,"Recouvrement LSV ,Sanitas Grundversicherungen AG Debi ",333.70,,02.05.2024,
02.05.2024,"Recouvrement LSV ,ATUPRI ",369.95,,02.05.2024,
30.04.2024,"Paiement QR-facture ,IBB Energie AG ",635.00,,30.04.2024,231894.21
29.04.2024,"Paiement QR-facture ,Stadt Zuerich Steueramt Juristische ",3813.80,,29.04.2024,232529.21
29.04.2024,"Paiement clearing ,Oeffentl Arbeitslosenkasse des Kanto ",,9231.70,29.04.2024,
28.04.2024,"TWINT Paiement ,Unvermeidbar Stella B. 5400 Baden ",36.50,,28.04.2024,227111.31
25.04.2024,"Paiement QR-facture ,Stadt Baden ",100.00,,25.04.2024,227147.81
25.04.2024,"Paiement QR-facture ,Stadt Baden ",116.20,,25.04.2024,
25.04.2024,"Paiement QR-facture ,Cembra Money Bank AG ",1172.85,,25.04.2024,
24.04.2024,"TWINT Paiement ,Parkingpay-TWINT 8952 Schlieren ",0.50,,23.04.2024,228536.86
22.04.2024,"Ordre de bonification ,Kita Dammweg ",50.00,,22.04.2024,228537.36
22.04.2024,"Paiement QR-facture ,Regionalwerke AG Baden ",110.00,,22.04.2024,
17.04.2024,"Paiement clearing ,AXA Versicherungen AG ",,36.60,17.04.2024,228697.36
15.04.2024,"Paiement QR-facture ,Stadt Baden ",249.00,,15.04.2024,228660.76
15.04.2024,"Recouvrement LSV ,SWISSCARD AECS GMBH ",3819.15,,15.04.2024,
11.04.2024,"Paiement QR-facture ,Verein Kita Dammweg ",117.00,,11.04.2024,232728.91
11.04.2024,"Paiement QR-facture ,Verein Kita Dammweg ",1895.20,,11.04.2024,
10.04.2024,"Recouvrement LSV ,Sanitas Grundversicherungen AG Debi ",26.60,,10.04.2024,234741.11
09.04.2024,"Paiement QR-facture ,Sunrise GmbH ",152.75,,09.04.2024,234767.71
08.04.2024,"Recouvrement LSV ,AXA Versicherungen AG ",213.90,,08.04.2024,234920.46
08.04.2024,"Paiement QR-facture ,Swiss Household Services AG ",4421.10,,08.04.2024,
05.04.2024,"Paiement QR-facture ,Swisscom (Switzerland) Ltd. ",828.55,,05.04.2024,239555.46
04.04.2024,"Paiement QR-facture ,Swiss Household Services AG ",5940.00,,04.04.2024,240384.01
02.04.2024,"Recouvrement LSV ,ATUPRI ",369.95,,02.04.2024,246324.01
02.04.2024,"Paiement QR-facture ,Cembra Money Bank AG ",1177.20,,02.04.2024,
28.03.2024,"D'intérêts hypothécaires ,0845-1543384-71-  3 ",204.40,,28.03.2024,247871.16
28.03.2024,"D'intérêts hypothécaires ,0845-1543384-71-  1 ",1960.00,,31.03.2024,
28.03.2024,"Transfert compte à compte ,Caroline Frances Beaman, Turgi ",,15000.00,28.03.2024,
27.03.2024,CSX Décompte de frais,56.70,,31.03.2024,235035.56
26.03.2024,Frais de placements financiers,59.15,,31.03.2024,235092.26
26.03.2024,"Paiement clearing ,Oeffentl Arbeitslosenkasse des Kanto ",,8812.10,26.03.2024,
20.03.2024,"Recouvrement LSV ,Sanitas Grundversicherungen AG Debi ",16.55,,20.03.2024,226339.31
18.03.2024,"Paiement QR-facture ,Verein Kita Dammweg ",117.00,,18.03.2024,226355.86
18.03.2024,"Paiement QR-facture ,ENGE-TREUHAND AG ",583.75,,18.03.2024,
18.03.2024,"Paiement QR-facture ,Verein Kita Dammweg ",1895.20,,18.03.2024,
17.03.2024,"TWINT Paiement ,Lego Freiamt 5634 Merenschwand ",3.00,,16.03.2024,228951.81
13.03.2024,"Paiement QR-facture ,SBB Contact Center Swiss Pass ",170.00,,13.03.2024,228954.81
13.03.2024,"Recouvrement LSV ,SWISSCARD AECS GMBH ",4870.10,,13.03.2024,
11.03.2024,"Paiement QR-facture ,Sunrise GmbH ",152.75,,11.03.2024,233994.91
11.03.2024,"Paiement QR-facture ,Michael Galli Dachfenster GmbH ",17840.20,,11.03.2024,
11.03.2024,"Paiement clearing ,Kanton Zuerich ",,48.85,11.03.2024,
07.03.2024,"Paiement QR-facture ,Stadt Baden ",1342.00,,07.03.2024,251939.01
06.03.2024,"Paiement QR-facture ,Stadt Baden ",61.20,,06.03.2024,253281.01
04.03.2024,"Recouvrement LSV ,AXA Versicherungen AG ",213.90,,04.03.2024,253342.21
04.03.2024,"Ordre de bonification ,Cosmopolitan Lodge No.43 ",1160.00,,04.03.2024,
04.03.2024,"Paiement QR-facture ,Abteilung Finanzen Aargau Sektion Tr ",18083.00,,04.03.2024,
04.03.2024,"Liquidation du placement à terme ,1543384-7G-1 ",,120325.15,04.03.2024,
01.03.2024,"Recouvrement LSV ,ATUPRI ",369.95,,01.03.2024,152473.96
01.03.2024,"Paiement QR-facture ,IBB Energie AG ",468.90,,01.03.2024,
01.03.2024,"Paiement clearing ,Oeffentl Arbeitslosenkasse des Kanto ",,6713.95,01.03.2024,
29.02.2024,"D'intérêts hypothécaires ,0845-1543384-71-  3 ",215.55,,29.02.2024,146598.86
28.02.2024,"Paiement QR-facture ,Swisscom (Schweiz) AG ",147.25,,28.02.2024,146814.41
27.02.2024,"Paiement QR-facture ,Steueramt des Kantons Aargau Steuerb ",600.00,,27.02.2024,146961.66
27.02.2024,"Paiement QR-facture ,Steueramt des Kantons Aargau Steuerb ",69000.00,,27.02.2024,
26.02.2024,"Paiement QR-facture ,Cembra Money Bank AG ",1177.20,,26.02.2024,216561.66
26.02.2024,"Ordre de bonification ,Z-Training Personal Coaching ",6000.00,,26.02.2024,
26.02.2024,"Transfert compte à compte ,Caroline Frances Beaman, Turgi ",,14000.00,26.02.2024,
19.02.2024,"Paiement QR-facture ,AEW Energie AG ",332.85,,19.02.2024,209738.86
16.02.2024,"Paiement QR-facture ,Aargauische Gebäudeversicherung ",11.00,,16.02.2024,210071.71
16.02.2024,"Retrait en CHF à un automate CS ,CSCH CS ZH Werdmuehle 5 ",100.00,,15.02.2024,
16.02.2024,"Paiement QR-facture ,Aargauische Gebäudeversicherung ",456.45,,16.02.2024,
15.02.2024,"Paiement clearing ,Oeffentl Arbeitslosenkasse des Kanto ",,7553.20,15.02.2024,210639.16
14.02.2024,"Paiement QR-facture ,Verein Kita Dammweg ",117.00,,14.02.2024,203085.96
14.02.2024,"Paiement QR-facture ,Verein Kita Dammweg ",117.00,,14.02.2024,
14.02.2024,"Paiement QR-facture ,Verein Next Stop Future ",364.50,,14.02.2024,
14.02.2024,"Paiement QR-facture ,Verein Next Stop Future ",450.00,,14.02.2024,
14.02.2024,"Paiement QR-facture ,Verein Kita Dammweg ",1895.20,,14.02.2024,
14.02.2024,"Recouvrement LSV ,SWISSCARD AECS GMBH ",8129.05,,14.02.2024,
09.02.2024,"Paiement clearing ,AXA Versicherungen AG ",,90.00,09.02.2024,214158.71
08.02.2024,"Paiement QR-facture ,IBB Energie AG ",228.25,,08.02.2024,214068.71
06.02.2024,"Recouvrement LSV ,AXA Versicherungen AG ",213.90,,06.02.2024,214296.96
02.02.2024,"Paiement QR-facture ,Swisscom (Switzerland) Ltd. ",147.15,,02.02.2024,214510.86
01.02.2024,"TWINT Paiement ,FAIRTIQ AG 3011 Bern ",28.40,,31.01.2024,214658.01
01.02.2024,"Recouvrement LSV ,ATUPRI ",388.75,,01.02.2024,
31.01.2024,"Recouvrement LSV ,Sanitas Grundversicherungen AG Debi ",107.15,,31.01.2024,215075.16
31.01.2024,"Paiement QR-facture ,Sunrise GmbH ",154.35,,31.01.2024,
31.01.2024,"D'intérêts hypothécaires ,0845-1543384-71-  3 ",230.45,,31.01.2024,
31.01.2024,"Bonification ,PEGASYSTEMS AG THE CIRCLE 6 8058 ZUR ",,20113.94,31.01.2024,
29.01.2024,"Paiement QR-facture ,Swiss Household Services AG ",135.95,,29.01.2024,195453.17
29.01.2024,"Retrait en CHF à un automate CS ,CSCH CS ZH Werdmuehle 6 ",200.00,,27.01.2024,
29.01.2024,"Transfert compte à compte ,J. Assaf + C. Beaman, Turgi ",15000.00,,29.01.2024,
28.01.2024,"TWINT Paiement , Labi +41782170055 ",45.00,,27.01.2024,210789.12
26.01.2024,"Transfert compte à compte ,Caroline Frances Beaman, Turgi ",,8000.00,26.01.2024,210834.12
26.01.2024,"Paiement clearing ,Conform-X AG in Liquidation ",,117521.93,26.01.2024,
25.01.2024,"Paiement clearing ,USD 4478.86 AT 1.1609//MORGAN STANLE ",,3858.09,25.01.2024,85312.19
24.01.2024,"Paiement QR-facture ,Cembra Money Bank AG ",1177.20,,24.01.2024,81454.10
23.01.2024,"Retrait en CHF à un automate CS ,CSCH CS Turgi 2 ",200.00,,22.01.2024,82631.30
23.01.2024,"Paiement QR-facture ,Abteilung Finanzen Aargau Sektion Tr ",5233.40,,23.01.2024,
22.01.2024,"Paiement QR-facture ,Einwohnergemeinde Turgi ",260.00,,22.01.2024,88064.70
15.01.2024,"Paiement QR-facture ,Verein Kita Dammweg ",1895.20,,15.01.2024,88324.70
15.01.2024,"Recouvrement LSV ,SWISSCARD AECS GMBH ",5542.10,,15.01.2024,
08.01.2024,"Carte débit paiement point vente CHF ,06.01.2024 18:12 Aldi Suisse 01 ",76.10,,08.01.2024,95762.00
04.01.2024,"Paiement QR-facture ,Zahnarztzentrum.ch AG ",188.40,,04.01.2024,95838.10
04.01.2024,"Bonification ,PEGASYSTEMS AG THE CIRCLE 6 8058 ZUR ",,0.10,04.01.2024,
03.01.2024,"TWINT Paiement ,FAIRTIQ AG 3011 Bern ",9.10,,31.12.2023,96026.40
03.01.2024,"Recouvrement LSV ,Sanitas Grundversicherungen AG Debi ",48.65,,03.01.2024,
03.01.2024,"Recouvrement LSV ,AXA Versicherungen AG ",213.90,,03.01.2024,
03.01.2024,"Recouvrement LSV ,ATUPRI ",351.15,,03.01.2024,
03.01.2024,"Recouvrement LSV ,AXA VERSICHERUNGEN AG ",2513.80,,03.01.2024,
03.01.2024,"Paiement QR-facture ,AXA Vie SA ",7056.00,,03.01.2024,
03.01.2024,"Recouvrement LSV ,Sanitas Grundversicherungen AG Debi ",10244.70,,03.01.2024,
01.01.2024,"TWINT Paiement ,Parkingpay-TWINT 8952 Schlieren ",1.40,,29.12.2023,116463.70
31.12.2023,"Solde des écritures de bouclement ,as shown separately ",,233.12,31.12.2023,116465.10
29.12.2023,"Paiement QR-facture ,Sunrise GmbH ",152.75,,29.12.2023,116231.98
29.12.2023,"D'intérêts hypothécaires ,0845-1543384-71-  3 ",231.45,,31.12.2023,
29.12.2023,"Paiement QR-facture ,Strassenverkehrsamt Kanton Aargau ",468.00,,29.12.2023,
29.12.2023,"Paiement QR-facture ,AXA Versicherungen AG ",748.95,,29.12.2023,
29.12.2023,"D'intérêts hypothécaires ,0845-1543384-71-  1 ",1960.00,,31.12.2023,
29.12.2023,"Paiement clearing ,ADM IN SWISS SARL ROUTE DE FERNEY 15 ",,21603.10,29.12.2023,
28.12.2023,CSX Décompte de frais,56.70,,31.12.2023,98190.03
27.12.2023,"Paiement QR-facture ,Cembra Money Bank AG ",1172.85,,27.12.2023,98246.73
27.12.2023,"Transfert compte à compte ,Caroline Frances Beaman, Turgi ",,20000.00,27.12.2023,
24.12.2023,"TWINT Paiement ,Alte Mühle 4813 Uerkheim ",50.00,,23.12.2023,79419.58
22.12.2023,Frais de placements financiers,59.60,,31.12.2023,79469.58
13.12.2023,"Ordre de bonification ,CDC Dietrich GmbH ",120.00,,13.12.2023,79529.18
13.12.2023,"Recouvrement LSV ,SWISSCARD AECS GMBH ",3508.65,,13.12.2023,
11.12.2023,"Ordre de bonification ,Wicki Partners Ltd. ",668.05,,11.12.2023,83157.83
11.12.2023,"Paiement clearing ,USD 1284.95 AT 1.136//MORGAN STANLEY ",,1131.12,11.12.2023,
06.12.2023,"Recouvrement LSV ,Sanitas Grundversicherungen AG Debi ",14.40,,06.12.2023,82694.76
04.12.2023,"Carte débit paiement point vente CHF ,03.12.2023 14:45 Parkhaus Bahnhof Ka ",0.50,,04.12.2023,82709.16
04.12.2023,"Paiement QR-facture ,AEW Energie AG ",310.00,,04.12.2023,
01.12.2023,"TWINT Paiement ,FAIRTIQ AG 3011 Bern ",6.80,,30.11.2023,83019.66
01.12.2023,"Recouvrement LSV ,Sanitas Grundversicherungen AG Debi ",59.85,,01.12.2023,
01.12.2023,"Recouvrement LSV ,AXA Versicherungen AG ",213.90,,01.12.2023,
01.12.2023,"Recouvrement LSV ,ATUPRI ",309.10,,01.12.2023,
30.11.2023,"Carte de débit retrait liquide CHF ,29.11.2023 17:41 CS Turgi 2 ",100.00,,29.11.2023,83609.31
30.11.2023,"Paiement QR-facture ,Sunrise GmbH ",152.75,,30.11.2023,
30.11.2023,"D'intérêts hypothécaires ,0845-1543384-71-  3 ",224.00,,30.11.2023,
30.11.2023,"Paiement clearing ,ADM IN SWISS SARL ROUTE DE FERNEY 15 ",,17970.20,30.11.2023,
29.11.2023,"Recouvrement LSV ,Sanitas Grundversicherungen AG Debi ",30.95,,29.11.2023,66115.86
27.11.2023,"Paiement QR-facture ,Cembra Money Bank AG ",1172.85,,27.11.2023,66146.81
27.11.2023,"Paiement QR-facture ,Kita Dammweg ",1700.10,,27.11.2023,
23.11.2023,"TWINT Paiement ,FAIRTIQ AG 3011 Bern ",31.90,,22.11.2023,69019.76
22.11.2023,"Recouvrement LSV ,Sanitas Grundversicherungen AG Debi ",13.40,,22.11.2023,69051.66
22.11.2023,"Carte débit paiement point vente CHF ,20.11.2023 18:46 SumUp  *BarbershopY ",60.00,,22.11.2023,
20.11.2023,"Carte débit paiement point vente CHF ,18.11.2023 16:43 Parkhaus Bahnhof Ka ",3.00,,20.11.2023,69125.06
17.11.2023,"TWINT Paiement ,Z-Training 5400 Baden ",40.00,,16.11.2023,69128.06
15.11.2023,"Paiement QR-facture ,Einwohnergemeinde Turgi ",508.15,,15.11.2023,69168.06
14.11.2023,"Recouvrement LSV ,SWISSCARD AECS GMBH ",2440.90,,14.11.2023,69676.21
12.11.2023,"TWINT Paiement ,Tesla Switzerland GmbH 8808 Pfäffiko ",1.80,,11.11.2023,72117.11
12.11.2023,"TWINT Paiement , Muffincs +41782204911 ",10.00,,11.11.2023,
12.11.2023,"TWINT Paiement ,FAIRTIQ AG 3011 Bern ",31.30,,11.11.2023,
08.11.2023,"Recouvrement LSV ,Sanitas Grundversicherungen AG Debi ",66.55,,08.11.2023,72160.21
08.11.2023,"Paiement QR-facture ,Einwohnergemeinde Turgi ",230.00,,08.11.2023,
08.11.2023,"Paiement clearing ,USD 202.44 AT 1.1118//MORGAN STANLEY ",,182.08,08.11.2023,
08.11.2023,"Paiement clearing ,USD 9145.67 AT 1.1118//MORGAN STANLE ",,8226.00,08.11.2023,
02.11.2023,"Placement à terme, nouveau ,1543384-7G-1 ",120000.00,,02.11.2023,64048.68
02.11.2023,"Paiement clearing ,PEGASYSTEMS AG ",,765.66,02.11.2023,
01.11.2023,"TWINT Paiement ,FAIRTIQ AG 3011 Bern ",13.60,,31.10.2023,183283.02
01.11.2023,"Recouvrement LSV ,AXA Versicherungen AG ",213.90,,01.11.2023,
01.11.2023,"Recouvrement LSV ,ATUPRI ",309.10,,01.11.2023,
31.10.2023,"Paiement QR-facture ,Sunrise GmbH ",152.75,,31.10.2023,183819.62
31.10.2023,"D'intérêts hypothécaires ,0845-1543384-71-  3 ",231.45,,31.10.2023,
31.10.2023,"Paiement clearing ,ADM IN SWISS SARL ROUTE DE FERNEY 15 ",,25286.90,31.10.2023,
30.10.2023,"Paiement QR-facture ,IBB Energie AG ",845.00,,30.10.2023,158916.92
30.10.2023,"Transfert compte à compte ,Caroline Frances Beaman, Turgi ",,15000.00,30.10.2023,
29.10.2023,"TWINT Paiement ,FAIRTIQ AG 3011 Bern ",32.20,,28.10.2023,144761.92
28.10.2023,"TWINT Paiement ,Parkingpay-TWINT 8952 Schlieren ",1.40,,27.10.2023,144794.12
27.10.2023,"Carte débit paiement point vente CHF ,26.10.2023 17:50 Denner Discount 134 ",25.20,,27.10.2023,144795.52
26.10.2023,"Carte débit paiement point vente CHF ,25.10.2023 18:11 Aldi Suisse 01 ",18.95,,26.10.2023,144820.72
25.10.2023,"Paiement QR-facture ,Cembra Money Bank AG ",1172.85,,25.10.2023,144839.67
25.10.2023,"Paiement clearing ,Kanton Zuerich ",,1929.50,25.10.2023,
24.10.2023,"Ordre de bonification ,10703147965446 ",37.98,,24.10.2023,144083.02
23.10.2023,"Carte débit paiement point vente CHF ,21.10.2023 10:25 Parkhaus Zentrum ",2.00,,23.10.2023,144121.00
23.10.2023,"Carte débit paiement point vente CHF ,21.10.2023 14:22 Campus Parking ",2.50,,23.10.2023,
23.10.2023,"Carte débit paiement point vente CHF ,21.10.2023 10:14 SumUp  *Cafe Presti ",7.10,,23.10.2023,
23.10.2023,"Paiement clearing ,Abteilung Finanzen Aargau         Se ",,4270.35,23.10.2023,
18.10.2023,"Carte débit paiement point vente CHF ,13.10.2023 18:25 Hallen- und Gartenb ",1.70,,18.10.2023,139862.25
16.10.2023,"Paiement QR-facture ,Dr. Matthias strub ",261.60,,16.10.2023,139863.95
13.10.2023,"Recouvrement LSV ,SWISSCARD AECS GMBH ",6919.75,,13.10.2023,140125.55
12.10.2023,"Carte débit paiement point vente CHF ,10.10.2023 09:31 Obrist Transport + ",21.00,,12.10.2023,147045.30
12.10.2023,"Paiement clearing ,AXA Versicherungen AG ",,36.60,12.10.2023,
12.10.2023,"Paiement clearing ,AXA Versicherungen AG ",,36.60,12.10.2023,
12.10.2023,"Paiement clearing ,AXA Versicherungen AG ",,836.45,12.10.2023,
11.10.2023,"TWINT Paiement ,Parkingpay-TWINT 8952 Schlieren ",0.50,,10.10.2023,146156.65
11.10.2023,"Paiement clearing ,Sanitas Grundversicherungen AG ",,466.75,11.10.2023,
09.10.2023,"Carte débit paiement point vente CHF ,07.10.2023 14:25 Otto's AG 16, Dieti ",19.50,,09.10.2023,145690.40
06.10.2023,"TWINT Paiement ,Parkingpay-TWINT 8952 Schlieren ",1.20,,05.10.2023,145709.90
06.10.2023,"Paiement QR-facture ,Arztpraxis Dr. med. Manuela Jörg Bru ",518.60,,06.10.2023,
06.10.2023,"Paiement clearing ,PEGASYSTEMS AG ",,2765.08,06.10.2023,
03.10.2023,"Paiement QR-facture ,Einwohnergemeinde Turgi ",966.25,,03.10.2023,143464.62
02.10.2023,"Recouvrement LSV ,AXA Versicherungen AG ",213.90,,02.10.2023,144430.87
02.10.2023,"Recouvrement LSV ,ATUPRI ",309.10,,02.10.2023,
01.10.2023,"TWINT Paiement ,FAIRTIQ AG 3011 Bern ",11.50,,30.09.2023,144953.87
29.09.2023,"Paiement QR-facture ,Sunrise GmbH ",152.75,,29.09.2023,144965.37
29.09.2023,"D'intérêts hypothécaires ,0845-1543384-71-  3 ",225.00,,30.09.2023,
29.09.2023,"D'intérêts hypothécaires ,0845-1543384-71-  1 ",1960.00,,30.09.2023,
29.09.2023,"Paiement clearing ,ADM IN SWISS SARL ROUTE DE FERNEY 15 ",,19696.90,29.09.2023,
28.09.2023,"Transfert compte à compte ,Caroline Frances Beaman, Turgi ",,12000.00,28.09.2023,127606.22
27.09.2023,CSX Décompte de frais,56.70,,30.09.2023,115606.22
26.09.2023,"TWINT Paiement ,Parkingpay-TWINT 8952 Schlieren ",1.00,,25.09.2023,115662.92
26.09.2023,Frais de placements financiers,65.90,,30.09.2023,
26.09.2023,"Paiement clearing ,Abt.Finanzen Aargau Tresorerie ",,20.00,26.09.2023,
25.09.2023,"Carte de débit retrait liquide CHF ,23.09.2023 09:06 MIGROS BANK BADEN ",100.00,,25.09.2023,115709.82
20.09.2023,"Paiement QR-facture ,Cembra Money Bank AG ",1172.85,,20.09.2023,115809.82
20.09.2023,"Paiement QR-facture ,MF Health c/o MF Group AG ",1282.30,,20.09.2023,
20.09.2023,"Paiement QR-facture ,Kita Dammweg ",2194.65,,20.09.2023,
20.09.2023,"Ordre de bonification ,Z-Training Personal Coaching ",6000.00,,20.09.2023,
19.09.2023,"Paiement clearing ,USD 587.42 AT 1.1166//MORGAN STANLEY ",,526.08,19.09.2023,126459.62
19.09.2023,"Paiement clearing ,USD 5259.72 AT 1.1166//MORGAN STANLE ",,4710.48,19.09.2023,
13.09.2023,"Recouvrement LSV ,SWISSCARD AECS GMBH ",4602.90,,13.09.2023,121223.06
13.09.2023,"Retour de paiement ,Schweizerisches Handelsamtsblatt ",,25.00,13.09.2023,
11.09.2023,"Transfert compte à compte ,EUR 10000.00 AT 0.964239//J. Assaf + ",9642.39,,11.09.2023,125800.96
08.09.2023,"Paiement QR-facture ,Schweizerisches Handelsamtsblatt ",25.00,,08.09.2023,135443.35
08.09.2023,"Paiement QR-facture ,ENGE-TREUHAND AG ",962.30,,08.09.2023,
07.09.2023,"Ordre de bonification ,Di Lascia Kampfsportcenter Siggentha ",479.20,,07.09.2023,136430.65
07.09.2023,"Ordre de bonification ,Di Lascia Kampfsportcenter Siggentha ",759.00,,07.09.2023,
07.09.2023,"Paiement clearing ,PEGASYSTEMS AG ",,1987.84,07.09.2023,
03.09.2023,"TWINT Paiement ,Hofer, Mario +41763256852 ",45.00,,02.09.2023,135681.01
01.09.2023,"Recouvrement LSV ,AXA Versicherungen AG ",213.90,,01.09.2023,135726.01
01.09.2023,"Recouvrement LSV ,ATUPRI ",309.10,,01.09.2023,
31.08.2023,"Paiement QR-facture ,Sunrise GmbH ",162.40,,31.08.2023,136249.01
31.08.2023,"D'intérêts hypothécaires ,0845-1543384-71-  3 ",231.45,,31.08.2023,
31.08.2023,"Paiement clearing ,ADM IN SWISS SARL ROUTE DE FERNEY 15 ",,30923.90,31.08.2023,
29.08.2023,"Transfert compte à compte ,Caroline Frances Beaman, Turgi ",,14000.00,29.08.2023,105718.96
28.08.2023,"Paiement QR-facture ,Kita Dammweg ",2194.65,,28.08.2023,91718.96
22.08.2023,"TWINT Paiement ,Handwerk Streetfood Soki 5400 Baden ",17.00,,22.08.2023,93913.61
21.08.2023,"Paiement QR-facture ,Cembra Money Bank AG ",1172.85,,21.08.2023,93930.61
19.08.2023,"TWINT Paiement ,Craftbierstube 5400 Baden ",19.00,,18.08.2023,95103.46
16.08.2023,"Recouvrement LSV ,Sanitas Grundversicherungen AG Debi ",30.65,,16.08.2023,95122.46
15.08.2023,"Recouvrement LSV ,AEW ENERGIE AG ",310.00,,15.08.2023,95153.11
14.08.2023,"Carte débit paiement point vente CHF ,10.08.2023 15:33 Aldi Suisse 01 ",44.70,,14.08.2023,95463.11
14.08.2023,"Recouvrement LSV ,SWISSCARD AECS GMBH ",3766.95,,14.08.2023,
09.08.2023,"Recouvrement LSV ,Sanitas Grundversicherungen AG Debi ",16.45,,09.08.2023,99274.76
07.08.2023,"Paiement QR-facture ,Handelsregisteramt des Kantons Züric ",51.10,,07.08.2023,99291.21
07.08.2023,"Carte de débit retrait liquide CHF ,06.08.2023 17:50 CS Turgi 2 ",100.00,,06.08.2023,
07.08.2023,"Transfert compte à compte ,CREDIT SUISSE PRIVILEGIA Vorsorge, Z ",7056.00,,07.08.2023,
07.08.2023,"Transfert compte à compte ,Caroline Frances Beaman, Turgi ",,15000.00,07.08.2023,
04.08.2023,"Ordre de bonification ,Hurti Gmbh ",702.00,,04.08.2023,91498.31
03.08.2023,"Paiement QR-facture ,Handelsregisteramt des Kantons Züric ",141.10,,03.08.2023,92200.31
02.08.2023,"Paiement QR-facture ,Sunrise GmbH ",153.90,,02.08.2023,92341.41
02.08.2023,"Recouvrement LSV ,AXA Versicherungen AG ",213.90,,02.08.2023,
02.08.2023,"Recouvrement LSV ,ATUPRI ",309.10,,02.08.2023,
31.07.2023,"Paiement QR-facture ,Sunrise GmbH ",51.90,,31.07.2023,93018.31
31.07.2023,"D'intérêts hypothécaires ,0845-1543384-71-  3 ",231.45,,31.07.2023,
31.07.2023,"Paiement QR-facture ,Villiger AG Garten + Pool ",2232.10,,31.07.2023,
31.07.2023,"Paiement QR-facture ,Kita Dammweg ",2311.65,,31.07.2023,
31.07.2023,"Paiement clearing ,ADM IN SWISS SARL ROUTE DE FERNEY 15 ",,22536.65,31.07.2023,
28.07.2023,"Paiement QR-facture ,Stadtpolizei Baden ",40.00,,28.07.2023,75308.76
28.07.2023,"Paiement QR-facture ,SBB AG, Division Personenverkehr ",60.00,,28.07.2023,
28.07.2023,"Paiement QR-facture ,Einwohnergemeinde Turgi ",300.00,,28.07.2023,
28.07.2023,"Paiement QR-facture ,Steueramt des Kantons Aargau Steuerb ",585.10,,28.07.2023,
28.07.2023,"Paiement QR-facture ,Steueramt des Kantons Aargau Steuerb ",633.30,,28.07.2023,
28.07.2023,"Paiement QR-facture ,IBB Energie AG ",845.00,,28.07.2023,
28.07.2023,"Paiement QR-facture ,Cembra Money Bank AG ",1172.85,,28.07.2023,
20.07.2023,"Paiement clearing ,PEGASYSTEMS AG ",,809.02,20.07.2023,78945.01
13.07.2023,"Ordre de bonification ,Wicki Partners Ltd. ",138.65,,13.07.2023,78135.99
13.07.2023,"Paiement QR-facture ,Dentakont AG ",145.00,,13.07.2023,
13.07.2023,"Paiement QR-facture ,Notariat und Grundbuchamt Walliselle ",279.25,,13.07.2023,
13.07.2023,"Paiement QR-facture ,SERAFE AG ",335.00,,13.07.2023,
13.07.2023,"Paiement QR-facture ,CSS Kranken-Versicherung AG Hauptsit ",516.60,,13.07.2023,
13.07.2023,"Paiement QR-facture ,CSS Kranken-Versicherung AG Hauptsit ",516.60,,13.07.2023,
13.07.2023,"Paiement QR-facture ,CSS Kranken-Versicherung AG Hauptsit ",516.60,,13.07.2023,
13.07.2023,"Paiement QR-facture ,CSS Kranken-Versicherung AG Hauptsit ",516.60,,13.07.2023,
13.07.2023,"Recouvrement LSV ,SWISSCARD AECS GMBH ",8794.70,,13.07.2023,
12.07.2023,"Carte débit paiement point vente CHF ,10.07.2023 10:47 Post CH AG (6274) T ",8.20,,12.07.2023,89894.99
12.07.2023,"Carte débit paiement point vente CHF ,11.07.2023 16:59 Aldi Suisse 01 ",29.00,,12.07.2023,
12.07.2023,"TWINT Paiement ,Z-Training 5400 Baden ",40.00,,11.07.2023,
07.07.2023,"Transfert compte à compte ,J. Assaf + C. Beaman, Turgi ",7000.00,,07.07.2023,89972.19
05.07.2023,"Paiement QR-facture ,Sunrise GmbH ",147.90,,05.07.2023,96972.19
04.07.2023,"Recouvrement LSV ,AXA Versicherungen AG ",213.90,,04.07.2023,97120.09
04.07.2023,"Paiement QR-facture ,Kita Dammweg ",2311.65,,04.07.2023,
03.07.2023,"Recouvrement LSV ,ATUPRI ",309.10,,03.07.2023,99645.64
03.07.2023,"Transfert compte à compte ,Caroline Frances Beaman, Turgi ",,15000.00,03.07.2023,
30.06.2023,"Paiement QR-facture ,Sunrise GmbH ",49.90,,30.06.2023,84954.74
30.06.2023,"D'intérêts hypothécaires ,0845-1543384-71-  3 ",205.00,,30.06.2023,
30.06.2023,"D'intérêts hypothécaires ,0845-1543384-71-  1 ",1960.00,,30.06.2023,
30.06.2023,"Paiement clearing ,ADM IN SWISS SARL ROUTE DE FERNEY 15 ",,16338.10,30.06.2023,
28.06.2023,CSX Décompte de frais,56.70,,30.06.2023,70831.54
28.06.2023,"Paiement QR-facture ,Kita Dammweg ",2311.65,,28.06.2023,
28.06.2023,"Paiement QR-facture ,Kita Dammweg ",2311.65,,28.06.2023,
27.06.2023,Frais de placements financiers,51.80,,30.06.2023,75511.54
27.06.2023,"Paiement clearing ,AXA Versicherungen AG ",,156.90,27.06.2023,
26.06.2023,"Paiement QR-facture ,Cembra Money Bank AG ",1172.85,,26.06.2023,75406.44
26.06.2023,"Paiement QR-facture ,Kita Dammweg ",3751.65,,26.06.2023,
21.06.2023,"Recouvrement LSV ,Sanitas Grundversicherungen AG Debi ",207.85,,21.06.2023,80330.94
19.06.2023,"Paiement QR-facture ,MF Health c/o MF Group AG ",1891.25,,19.06.2023,80538.79
15.06.2023,"Paiement clearing ,PEGASYSTEMS AG ",,346.58,15.06.2023,82430.04
14.06.2023,"Recouvrement LSV ,SWISSCARD AECS GMBH ",9335.60,,14.06.2023,82083.46
13.06.2023,"Paiement QR-facture ,Swiss Household Services AG ",145.00,,13.06.2023,91419.06
06.06.2023,"Transfert compte à compte ,Caroline Frances Beaman, Turgi ",,10000.00,06.06.2023,91564.06
02.06.2023,"Paiement clearing ,PEGASYSTEMS AG ",,1292.89,02.06.2023,81564.06
01.06.2023,"Paiement QR-facture ,Sunrise GmbH ",126.00,,01.06.2023,80271.17
01.06.2023,"Recouvrement LSV ,AXA Versicherungen AG ",213.90,,01.06.2023,
01.06.2023,"Recouvrement LSV ,ATUPRI ",309.10,,01.06.2023,
31.05.2023,"Recouvrement LSV ,Sanitas Grundversicherungen AG Debi ",44.70,,31.05.2023,80920.17
31.05.2023,"Paiement QR-facture ,Sunrise GmbH ",49.90,,31.05.2023,
31.05.2023,"D'intérêts hypothécaires ,0845-1543384-71-  3 ",203.55,,31.05.2023,
31.05.2023,"Paiement clearing ,ADM IN SWISS SARL ROUTE DE FERNEY 15 ",,15703.60,31.05.2023,
30.05.2023,"Paiement QR-facture ,Steueramt des Kantons Aargau Steuerb ",536.05,,30.05.2023,65514.72
25.05.2023,"Paiement QR-facture ,Cembra Money Bank AG ",1172.85,,25.05.2023,66050.77
23.05.2023,"Ordre de bonification ,Z-Training Personal Coaching Andrea ",602.50,,23.05.2023,67223.62
19.05.2023,"Paiement QR-facture ,AXA Assurances SA ",557.55,,19.05.2023,67826.12
19.05.2023,"Paiement clearing ,PEGASYSTEMS AG ",,1568.74,19.05.2023,
16.05.2023,"Recouvrement LSV ,AEW ENERGIE AG ",310.00,,16.05.2023,66814.93
15.05.2023,"Recouvrement LSV ,SWISSCARD AECS GMBH ",4705.85,,15.05.2023,67124.93
10.05.2023,"TWINT Paiement ,Z-Training 5400 Baden ",39.00,,09.05.2023,71830.78
10.05.2023,"Ordre de bonification ,CDC Dietrich GmbH ",780.00,,10.05.2023,
04.05.2023,"Paiement QR-facture ,Sunrise GmbH ",122.20,,04.05.2023,72649.78
03.05.2023,"Paiement QR-facture ,Einwohnergemeinde Turgi ",280.00,,03.05.2023,72771.98
02.05.2023,"Recouvrement LSV ,AXA Versicherungen AG ",213.90,,02.05.2023,73051.98
02.05.2023,"Recouvrement LSV ,ATUPRI ",309.10,,02.05.2023,
02.05.2023,"Transfert compte à compte ,Caroline Frances Beaman, Turgi ",,15000.00,02.05.2023,
01.05.2023,"D'intérêts hypothécaires ,0845-1543384-71-  3 ",201.50,,30.04.2023,58574.98
28.04.2023,"Paiement QR-facture ,Sunrise GmbH ",51.10,,28.04.2023,58776.48
28.04.2023,"Paiement QR-facture ,IBB Energie AG ",845.00,,28.04.2023,
28.04.2023,"Paiement QR-facture ,Cembra Money Bank AG ",1172.85,,28.04.2023,
28.04.2023,"Paiement clearing ,ADM IN SWISS SARL ROUTE DE FERNEY 15 ",,28896.10,28.04.2023,
27.04.2023,"Paiement clearing ,PEGASYSTEMS AG ",,1260.22,27.04.2023,31949.33
26.04.2023,"Paiement QR-facture ,Villiger AG Garten + Pool ",272.50,,26.04.2023,30689.11
24.04.2023,"Recouvrement LSV ,ATUPRI ",114.55,,24.04.2023,30961.61
21.04.2023,"Paiement QR-facture ,Kita Dammweg ",3121.65,,21.04.2023,31076.16
20.04.2023,"Paiement clearing ,Abt.Finanzen Aargau Tresorerie ",,407.75,20.04.2023,34197.81
19.04.2023,"Recouvrement LSV ,ATUPRI ",119.10,,19.04.2023,33790.06
17.04.2023,"Débit retrait étranger comm. incl. ,13.04.2023 08:59 EWFR1263 ",176.27,,17.04.2023,33909.16
14.04.2023,"Recouvrement LSV ,SWISSCARD AECS GMBH ",7329.40,,14.04.2023,34085.43
12.04.2023,"Recouvrement LSV ,Sanitas Grundversicherungen AG Debi ",49.40,,12.04.2023,41414.83
12.04.2023,"Recouvrement LSV ,Sanitas Grundversicherungen AG Debi ",181.80,,12.04.2023,
11.04.2023,"Carte débit paiement point vente CHF ,08.04.2023 11:06 OBRIST TRANSPORT + ",2.90,,11.04.2023,41646.03
11.04.2023,"Carte débit paiement point vente CHF ,08.04.2023 10:56 OBRIST TRANSPORT + ",14.00,,11.04.2023,
11.04.2023,"Transfert compte à compte ,Caroline Frances Beaman, Turgi ",,20000.00,11.04.2023,
06.04.2023,"Paiement clearing ,PEGASYSTEMS AG ",,1267.62,06.04.2023,21662.93
03.04.2023,"Carte de débit retrait liquide CHF ,01.04.2023 09:01 CS Turgi 2 ",100.00,,01.04.2023,20395.31
03.04.2023,"Recouvrement LSV ,AXA Versicherungen AG ",213.90,,03.04.2023,
03.04.2023,"Recouvrement LSV ,ATUPRI ",309.10,,03.04.2023,
03.04.2023,"Recouvrement LSV ,Sanitas Grundversicherungen AG Debi ",310.55,,03.04.2023,
31.03.2023,"Paiement QR-facture ,Sunrise GmbH ",52.50,,31.03.2023,21328.86
31.03.2023,"D'intérêts hypothécaires ,0845-1543384-71-  1 ",1960.00,,31.03.2023,
31.03.2023,"Paiement clearing ,ADM IN SWISS SARL ROUTE DE FERNEY 15 ",,15912.20,31.03.2023,
30.03.2023,"Paiement QR-facture ,Sunrise GmbH ",112.20,,30.03.2023,7429.16
30.03.2023,"D'intérêts hypothécaires ,0845-1543384-71 ",162.00,,30.03.2023,
29.03.2023,"Carte débit paiement point vente CHF ,27.03.2023 19:22 MR. PICKWICK PUB ",22.00,,29.03.2023,7703.36
29.03.2023,CSX Décompte de frais,56.70,,31.03.2023,
28.03.2023,Frais de placements financiers,46.55,,31.03.2023,7782.06
27.03.2023,"Paiement QR-facture ,Cembra Money Bank AG ",1172.85,,27.03.2023,7828.61
27.03.2023,"Paiement clearing ,AXA Versicherungen AG ",,78.45,27.03.2023,
22.03.2023,"Carte débit paiement point vente CHF ,21.03.2023 16:12 Landi Wasserschloss ",44.15,,22.03.2023,8923.01
22.03.2023,"Ordre de bonification ,Kita Dammweg ",100.00,,22.03.2023,
22.03.2023,"Carte de débit retrait liquide CHF ,21.03.2023 15:34 CS Turgi 2 ",120.00,,21.03.2023,
22.03.2023,"Paiement QR-facture ,Kita Dammweg ",2311.65,,22.03.2023,
14.03.2023,"Recouvrement LSV ,SWISSCARD AECS GMBH ",3362.15,,14.03.2023,11498.81
13.03.2023,"Paiement QR-facture ,SBB Contact Center Swiss Pass ",165.00,,13.03.2023,14860.96
13.03.2023,"Ordre de bonification ,Z-Training Personal Coaching Andreas ",6480.00,,13.03.2023,
09.03.2023,"Ordre de bonification ,Cosmopolitan Lodge No. 43 ",960.00,,09.03.2023,21505.96
09.03.2023,"Paiement clearing ,PEGASYSTEMS AG ",,233.00,09.03.2023,
08.03.2023,"Recouvrement LSV ,Sanitas Grundversicherungen AG Debi ",148.75,,08.03.2023,22232.96
06.03.2023,"Carte débit paiement point vente CHF ,02.03.2023 13:20 OBRIST TRANSPORT + ",4.00,,06.03.2023,22381.71
06.03.2023,"Carte débit paiement point vente CHF ,03.03.2023 11:25 Euromaster Hausen ",174.80,,06.03.2023,
03.03.2023,"Paiement QR-facture ,Swiss Household Services AG ",145.00,,03.03.2023,22560.51
03.03.2023,"Paiement QR-facture ,Abteilung Finanzen Aargau Sektion Tr ",18334.00,,03.03.2023,
03.03.2023,"Paiement clearing ,USD 5421.74 AT 1.0627//MORGAN STANLE ",,5101.85,03.03.2023,
02.03.2023,"Paiement QR-facture ,IBB Energie AG ",811.25,,02.03.2023,35937.66
02.03.2023,"Paiement clearing ,PEGASYSTEMS AG ",,2969.67,02.03.2023,
01.03.2023,"Recouvrement LSV ,AXA Versicherungen AG ",213.90,,01.03.2023,33779.24
01.03.2023,"Recouvrement LSV ,ATUPRI ",309.10,,01.03.2023,
28.02.2023,"Paiement QR-facture ,Sunrise GmbH ",84.00,,28.02.2023,34302.24
28.02.2023,"Paiement clearing ,ADM IN SWISS SARL ROUTE DE FERNEY 15 ",,14957.40,28.02.2023,
27.02.2023,"Débit paiement étranger ,23.02.2023 10:32 DB Automaten ",14.80,,27.02.2023,19428.84
27.02.2023,"Paiement QR-facture ,Cembra Money Bank AG ",1172.85,,27.02.2023,
27.02.2023,"Transfert compte à compte ,Caroline Frances Beaman, Turgi ",,15000.00,27.02.2023,
21.02.2023,"Paiement QR-facture ,Kita Dammweg ",2311.65,,21.02.2023,5616.49
21.02.2023,"Paiement QR-facture ,Steueramt des Kantons Aargau Steuerb ",73993.70,,21.02.2023,
20.02.2023,"Paiement QR-facture ,Arztpraxis Dr. med. Manuela Jörg Bru ",424.85,,20.02.2023,81921.84
17.02.2023,"Carte débit paiement e-commerce CHF ,14.02.2023 00:00 AIR FRANCE ",947.60,,17.02.2023,82346.69
16.02.2023,"Carte débit paiement e-commerce CHF ,14.02.2023 00:00 EXPEDIA 72491304461 ",5.00,,16.02.2023,83294.29
15.02.2023,"Débit retrait étranger comm. incl. ,13.02.2023 12:12 POSTBANK FRIEDRICH- ",54.75,,15.02.2023,83299.29
15.02.2023,"Recouvrement LSV ,AEW ENERGIE AG ",321.90,,15.02.2023,
14.02.2023,"Recouvrement LSV ,SWISSCARD AECS GMBH ",10648.40,,14.02.2023,83675.94
09.02.2023,"Carte de débit retrait liquide CHF ,08.02.2023 10:55 RB Zurich SBB Ind 1 ",300.00,,09.02.2023,94324.34
09.02.2023,"Paiement clearing ,PEGASYSTEMS AG ",,1362.47,09.02.2023,
08.02.2023,"Paiement QR-facture ,IBB Energie AG ",227.40,,08.02.2023,93261.87
03.02.2023,"Paiement QR-facture ,Dr. Matthias strub ",72.95,,03.02.2023,93489.27
01.02.2023,"TWINT Paiement ,FAIRTIQ AG 3011 Bern ",13.60,,31.01.2023,93562.22
01.02.2023,"Recouvrement LSV ,Sanitas Grundversicherungen AG Debi ",40.40,,01.02.2023,
01.02.2023,"Recouvrement LSV ,Sanitas Grundversicherungen AG Debi ",129.40,,01.02.2023,
01.02.2023,"Recouvrement LSV ,AXA Versicherungen AG ",213.90,,01.02.2023,
01.02.2023,"Paiement QR-facture ,Sunrise GmbH ",224.40,,01.02.2023,
01.02.2023,"Recouvrement LSV ,ATUPRI ",309.10,,01.02.2023,
31.01.2023,"Paiement QR-facture ,Sunrise GmbH ",50.00,,31.01.2023,94493.02
31.01.2023,"Paiement clearing ,ADM IN SWISS SARL ROUTE DE FERNEY 15 ",,27091.85,31.01.2023,
30.01.2023,"Paiement QR-facture ,Cembra Money Bank AG ",1172.85,,30.01.2023,67451.17
23.01.2023,"Carte de débit retrait liquide CHF ,20.01.2023 08:08 FILIALE ",100.00,,23.01.2023,68624.02
23.01.2023,"Paiement QR-facture ,Einwohnergemeinde Turgi ",260.00,,23.01.2023,
19.01.2023,"Paiement clearing ,AXA Versicherungen AG ",,906.25,19.01.2023,68984.02
13.01.2023,"Paiement QR-facture ,Sunrise GmbH ",112.20,,13.01.2023,68077.77
13.01.2023,"Recouvrement LSV ,SWISSCARD AECS GMBH ",5925.00,,13.01.2023,
06.01.2023,"Transfert compte à compte ,Caroline Frances Beaman, Turgi ",,15000.00,06.01.2023,74114.97
04.01.2023,"Recouvrement LSV ,AXA Versicherungen AG ",213.90,,04.01.2023,59114.97
03.01.2023,"Recouvrement LSV ,ATUPRI ",309.10,,03.01.2023,59328.87
03.01.2023,"Paiement QR-facture ,Cembra Money Bank AG ",1172.85,,03.01.2023,
03.01.2023,"Recouvrement LSV ,Sanitas Grundversicherungen AG Debi ",9628.15,,03.01.2023,
31.12.2022,"Solde des écritures de bouclement ,as shown separately ",,2.29,31.12.2022,70438.97
30.12.2022,"D'intérêts hypothécaires ,0845-1543384-71 ",162.00,,31.12.2022,70436.68
30.12.2022,"D'intérêts hypothécaires ,0845-1543384-71-  1 ",1960.00,,31.12.2022,
30.12.2022,"Paiement clearing ,ADM IN SWISS SARL ROUTE DE FERNEY 15 ",,15893.95,30.12.2022,
29.12.2022,"Paiement QR-facture ,Sunrise Communications AG ",49.90,,29.12.2022,56664.73
29.12.2022,"Paiement QR-facture ,Strassenverkehrsamt Kanton Aargau ",468.00,,29.12.2022,
28.12.2022,"Recouvrement LSV ,Sanitas Grundversicherungen AG Debi ",30.85,,28.12.2022,57182.63
28.12.2022,CSX Décompte de frais,56.70,,28.12.2022,
27.12.2022,Frais de placements financiers,51.70,,31.12.2022,57270.18
23.12.2022,"Paiement QR-facture ,Swiss Household Services AG ",60.95,,23.12.2022,57321.88
23.12.2022,"Transfert compte à compte ,J. Assaf + C. Beaman, Turgi ",20000.00,,23.12.2022,
22.12.2022,"Paiement clearing ,PEGASYSTEMS AG ",,1276.74,22.12.2022,77382.83
21.12.2022,"Paiement QR-facture ,Kita Dammweg ",2311.65,,21.12.2022,76106.09
14.12.2022,"Recouvrement LSV ,SWISSCARD AECS GMBH ",8473.85,,14.12.2022,78417.74
13.12.2022,"TWINT Paiement ,JustEat 8004 Zurich ",6.36,,12.12.2022,86891.59
08.12.2022,"Paiement QR-facture ,Arztpraxis Dr. med. Manuela Jörg Bru ",43.05,,08.12.2022,86897.95
08.12.2022,"Paiement clearing ,PEGASYSTEMS AG ",,917.59,08.12.2022,
05.12.2022,"Ordre de bonification ,Z-Training Personal Coaching Andreas ",2800.00,,05.12.2022,86023.41
01.12.2022,"Paiement QR-facture ,Aargauische Gebäudeversicherung ",18.75,,01.12.2022,88823.41
01.12.2022,"Recouvrement LSV ,Sanitas Grundversicherungen AG Debi ",92.25,,01.12.2022,
01.12.2022,"Paiement QR-facture ,Sunrise GmbH ",112.20,,01.12.2022,
01.12.2022,"Recouvrement LSV ,AXA Versicherungen AG ",201.20,,01.12.2022,
01.12.2022,"Paiement QR-facture ,Einwohnergemeinde Turgi ",230.00,,01.12.2022,
01.12.2022,"Recouvrement LSV ,ATUPRI ",258.95,,01.12.2022,
01.12.2022,"Paiement QR-facture ,Aargauische Gebäudeversicherung ",563.80,,01.12.2022,
01.12.2022,"Transfert compte à compte ,Caroline Frances Beaman, Turgi ",,10000.00,01.12.2022,
30.11.2022,"Paiement QR-facture ,Sunrise Communications AG ",50.30,,30.11.2022,80300.56
30.11.2022,"Paiement clearing ,ADM IN SWISS SARL ROUTE DE FERNEY 15 ",,15279.70,30.11.2022,
28.11.2022,"Carte de débit retrait liquide CHF ,27.11.2022 13:51 RB Untersiggenthal ",100.00,,28.11.2022,65071.16
28.11.2022,"Paiement QR-facture ,Cembra Money Bank AG ",1172.85,,28.11.2022,
24.11.2022,"Paiement clearing ,PEGASYSTEMS AG ",,352.50,24.11.2022,66344.01
22.11.2022,"Paiement QR-facture ,Kita Dammweg ",2052.45,,22.11.2022,65991.51
17.11.2022,"Paiement QR-facture ,Zahnarztzentrum.ch AG ",170.70,,17.11.2022,68043.96
15.11.2022,"Carte de débit retrait liquide CHF ,14.11.2022 13:44 MIGROS BANK BADEN ",200.00,,15.11.2022,68214.66
15.11.2022,"Recouvrement LSV ,AEW ENERGIE AG ",230.00,,15.11.2022,
14.11.2022,"Recouvrement LSV ,SWISSCARD AECS GMBH ",8533.45,,14.11.2022,68644.66
10.11.2022,"Paiement clearing ,PEGASYSTEMS AG ",,2667.80,10.11.2022,77178.11
07.11.2022,"Carte débit paiement point vente CHF ,03.11.2022 19:54 SBB P+Rail Baden ",6.00,,07.11.2022,74510.31
04.11.2022,"Paiement QR-facture ,Cembra Money Bank AG ",1172.85,,04.11.2022,74516.31
02.11.2022,"Paiement QR-facture ,Sunrise GmbH ",122.35,,02.11.2022,75689.16
01.11.2022,"Recouvrement LSV ,AXA Versicherungen AG ",201.20,,01.11.2022,75811.51
01.11.2022,"Recouvrement LSV ,ATUPRI ",258.95,,01.11.2022,
31.10.2022,"Carte débit paiement point vente CHF ,29.10.2022 09:45 SumUp  *Hallenbad M ",12.00,,31.10.2022,76271.66
31.10.2022,"Paiement QR-facture ,Sunrise Communications AG ",49.90,,31.10.2022,
31.10.2022,"Paiement clearing ,ADM IN SWISS SARL ROUTE DE FERNEY 15 ",,21519.60,31.10.2022,
29.10.2022,"TWINT Paiement ,Parkingpay 8953 Dietikon ",1.30,,28.10.2022,54813.96
29.10.2022,"TWINT Paiement ,Parkingpay 8953 Dietikon ",1.60,,28.10.2022,
28.10.2022,"Paiement QR-facture ,IBB Energie AG ",660.00,,28.10.2022,54816.86
27.10.2022,"Transfert compte à compte ,Caroline Frances Beaman, Turgi ",,9000.00,27.10.2022,55476.86
24.10.2022,"Paiement QR-facture ,Gemeinde Untersiggenthal ",900.00,,24.10.2022,46476.86
21.10.2022,"Ordre de bonification ,Z-Training Personal Coaching Andreas ",2800.00,,21.10.2022,47376.86
19.10.2022,"TWINT Paiement ,Parkingpay 8953 Dietikon ",0.10,,18.10.2022,50176.86
19.10.2022,"Paiement QR-facture ,Kita Dammweg ",2331.65,,19.10.2022,
14.10.2022,"TWINT Paiement ,FAIRTIQ AG 3011 Bern ",32.40,,13.10.2022,52508.61
13.10.2022,"Recouvrement LSV ,SWISSCARD AECS GMBH ",8597.35,,13.10.2022,52541.01
07.10.2022,"Carte de débit retrait liquide CHF ,06.10.2022 16:23 CS Baden 3 ",100.00,,06.10.2022,61138.36
05.10.2022,"Paiement QR-facture ,UPC Schweiz GmbH ",112.55,,05.10.2022,61238.36
03.10.2022,"Recouvrement LSV ,AXA Versicherungen AG ",201.20,,03.10.2022,61350.91
03.10.2022,"Recouvrement LSV ,ATUPRI ",258.95,,03.10.2022,
03.10.2022,"Paiement QR-facture ,Villiger AG Garten + Pool ",32887.80,,03.10.2022,
03.10.2022,"Transfert compte à compte ,Caroline Frances Beaman, Turgi ",,30000.00,03.10.2022,
01.10.2022,"TWINT Paiement ,FAIRTIQ AG 3011 Bern ",13.60,,30.09.2022,64698.86
30.09.2022,"Paiement QR-facture ,Sunrise Communications AG ",67.50,,30.09.2022,64712.46
30.09.2022,"D'intérêts hypothécaires ,0845-1543384-71 ",162.00,,30.09.2022,
30.09.2022,"D'intérêts hypothécaires ,0845-1543384-71-  1 ",1960.00,,30.09.2022,
30.09.2022,"Paiement clearing ,ADM IN SWISS SARL ROUTE DE FERNEY 15 ",,17658.10,30.09.2022,
28.09.2022,"Paiement clearing ,Sanitas Grundversicherungen AG ",,131.50,28.09.2022,49243.86
27.09.2022,CSX Décompte de frais,56.70,,27.09.2022,49112.36
27.09.2022,"Paiement clearing ,Abt.Finanzen Aargau Tresorerie ",,18.00,27.09.2022,
26.09.2022,"Carte débit paiement point vente CHF ,24.09.2022 16:28 Confiseur Bachmann ",8.40,,26.09.2022,49151.06
26.09.2022,"Carte débit paiement point vente CHF ,24.09.2022 09:56 SumUp  *Hallenbad M ",9.00,,26.09.2022,
26.09.2022,"Carte débit paiement point vente CHF ,24.09.2022 16:24 H & M ",10.95,,26.09.2022,
26.09.2022,Frais de placements financiers,58.10,,30.09.2022,
26.09.2022,"Paiement QR-facture ,Cembra Money Bank AG ",1172.85,,26.09.2022,
26.09.2022,"Paiement QR-facture ,Kita Dammweg ",3031.65,,26.09.2022,
20.09.2022,"Paiement QR-facture ,Arztpraxis Dr. med. Manuela Jörg Bru ",156.40,,20.09.2022,53442.01
19.09.2022,"Carte débit paiement point vente CHF ,18.09.2022 16:29 Parkhaus Bahnhof Ka ",0.50,,19.09.2022,53598.41
19.09.2022,"Carte débit paiement point vente CHF ,17.09.2022 15:39 SPAR DANKT ",35.30,,19.09.2022,
16.09.2022,"Carte de débit retrait liquide CHF ,15.09.2022 17:55 CS ZH Werdmuehle 4 ",200.00,,15.09.2022,53634.21
14.09.2022,"Carte débit paiement point vente CHF ,12.09.2022 09:35 OBRIST TRANSPORT + ",24.40,,14.09.2022,53834.21
14.09.2022,"Recouvrement LSV ,SWISSCARD AECS GMBH ",5573.05,,14.09.2022,
13.09.2022,"Carte débit paiement point vente CHF ,12.09.2022 13:20 Bäckerei Frei AG ",10.90,,13.09.2022,59431.66
12.09.2022,"Carte débit paiement point vente CHF ,10.09.2022 09:42 SumUp  *Genossensch ",90.00,,12.09.2022,59442.56
09.09.2022,"Carte débit paiement point vente CHF ,08.09.2022 08:56 Landi Wasserschloss ",5.80,,09.09.2022,59532.56
09.09.2022,"Carte débit paiement point vente CHF ,08.09.2022 08:42 Aldi Suisse 01 ",45.20,,09.09.2022,
08.09.2022,"Paiement clearing ,PEGASYSTEMS AG ",,266.05,08.09.2022,59583.56
07.09.2022,"Carte débit paiement point vente CHF ,06.09.2022 09:03 ViCAFE Bahnhofstras ",5.80,,07.09.2022,59317.51
05.09.2022,"Carte débit paiement point vente CHF ,03.09.2022 11:26 Shop Zoologischer G ",6.00,,05.09.2022,59323.31
05.09.2022,"Carte débit paiement point vente CHF ,02.09.2022 11:19 QUALIPET Center ",7.60,,05.09.2022,
05.09.2022,"Carte débit paiement point vente CHF ,03.09.2022 15:11 Restaurant Zoologis ",21.00,,05.09.2022,
05.09.2022,"Carte débit paiement point vente CHF ,03.09.2022 11:19 Zoo Basel ",21.00,,05.09.2022,
05.09.2022,"Carte débit paiement point vente CHF ,03.09.2022 09:52 Frei's Bijou ",23.10,,05.09.2022,
05.09.2022,"Carte débit paiement point vente CHF ,03.09.2022 16:30 Shop Zoologischer G ",54.40,,05.09.2022,
02.09.2022,"Carte débit paiement point vente CHF ,01.09.2022 10:28 Kleintierpraxis Vin ",97.60,,02.09.2022,59456.41
02.09.2022,"Paiement QR-facture ,UPC Schweiz GmbH ",112.20,,02.09.2022,
01.09.2022,"Recouvrement LSV ,AXA Versicherungen AG ",201.20,,01.09.2022,59666.21
01.09.2022,"Recouvrement LSV ,ATUPRI ",258.95,,01.09.2022,
31.08.2022,"Paiement QR-facture ,Sunrise Communications AG ",49.90,,31.08.2022,60126.36
31.08.2022,"Paiement clearing ,ADM IN SWISS SARL ROUTE DE FERNEY 15 ",,15723.05,31.08.2022,
30.08.2022,"Carte débit paiement point vente CHF ,29.08.2022 17:41 Apotheke am Wassers ",22.70,,30.08.2022,44453.21
30.08.2022,"Carte débit paiement point vente CHF ,29.08.2022 16:46 Lush (Switzerland) ",29.00,,30.08.2022,
30.08.2022,"Ordre de bonification ,CDC Dietrich GmbH ",852.00,,30.08.2022,
30.08.2022,"Ordre de bonification ,Z-Training Personal Coaching Andreas ",1600.00,,30.08.2022,
29.08.2022,"Carte débit paiement point vente CHF ,27.08.2022 16:35 Aldi Suisse 01 ",1.95,,29.08.2022,46956.91
29.08.2022,"Carte débit paiement point vente CHF ,26.08.2022 10:17 Parkhaus Bahnhof Ka ",2.00,,29.08.2022,
29.08.2022,"Carte débit paiement point vente CHF ,27.08.2022 15:37 IKEA Parking Spreit ",3.00,,29.08.2022,
29.08.2022,"Carte débit paiement point vente CHF ,27.08.2022 15:02 IKEA AG, Spreitenba ",5.50,,29.08.2022,
29.08.2022,"Carte débit paiement point vente CHF ,27.08.2022 14:59 IKEA AG, Spreitenba ",235.36,,29.08.2022,
25.08.2022,"Carte débit paiement point vente CHF ,24.08.2022 17:08 Parkhaus Bahnhof Ka ",2.00,,25.08.2022,47204.72
25.08.2022,"TWINT Paiement ,FAIRTIQ AG 3011 Bern ",40.50,,24.08.2022,
25.08.2022,"Paiement domestique - BVR ,Cambra Money Bank AG ",1172.85,,25.08.2022,
25.08.2022,"Paiement QR-facture ,Kita Dammweg ",2311.65,,25.08.2022,
23.08.2022,"Transfert compte à compte ,Caroline Frances Beaman, Turgi ",,18000.00,23.08.2022,50731.72
22.08.2022,"Carte débit paiement point vente CHF ,20.08.2022 13:08 Bäckerei Frei AG ",3.00,,22.08.2022,32731.72
22.08.2022,"Carte débit paiement point vente CHF ,20.08.2022 17:22 SPAR DANKT ",13.30,,22.08.2022,
19.08.2022,"Carte débit paiement point vente CHF ,18.08.2022 08:50 ViCAFE Bahnhofstras ",5.30,,19.08.2022,32748.02
16.08.2022,"Carte débit paiement point vente CHF ,15.08.2022 12:53 Parkhaus Bahnhof Ka ",2.50,,16.08.2022,32753.32
16.08.2022,"Carte débit paiement point vente CHF ,15.08.2022 13:13 Aldi Suisse 01 ",13.05,,16.08.2022,
15.08.2022,"Carte débit paiement point vente CHF ,13.08.2022 17:26 FHNW CBW Parking ",3.00,,15.08.2022,32768.87
15.08.2022,"Carte débit paiement point vente CHF ,13.08.2022 11:57 Aldi Suisse 01 ",15.95,,15.08.2022,
15.08.2022,"Recouvrement LSV ,SWISSCARD AECS GMBH ",3312.00,,15.08.2022,
12.08.2022,"Carte débit paiement point vente CHF ,11.08.2022 10:29 Kleintierpraxis Vin ",112.25,,12.08.2022,36099.82
10.08.2022,"Ordre de bonification ,Z-Training Personal Coaching Andreas ",2800.00,,10.08.2022,36212.07
09.08.2022,"Paiement QR-facture ,Einwohnergemeinde Turgi ",290.00,,09.08.2022,39012.07
08.08.2022,"Carte débit paiement point vente CHF ,06.08.2022 15:10 Manor AG ",27.40,,08.08.2022,39302.07
08.08.2022,"Carte débit paiement point vente CHF ,06.08.2022 15:24 Nestlé Nespresso SA ",29.50,,08.08.2022,
08.08.2022,"Carte débit paiement point vente CHF ,07.08.2022 15:05 Coop-2293 Baden Ba ",37.70,,08.08.2022,
08.08.2022,"Carte débit paiement point vente CHF ,05.08.2022 15:40 Coop-3840 Gebenstor ",62.70,,08.08.2022,
08.08.2022,"Carte débit paiement point vente CHF ,06.08.2022 10:46 Aldi Suisse 01 ",78.65,,08.08.2022,
08.08.2022,"Carte débit paiement point vente CHF ,06.08.2022 14:47 Dosenbach / 709 ",79.85,,08.08.2022,
05.08.2022,"Recouvrement LSV ,AEW ENERGIE AG ",230.00,,05.08.2022,39617.87
04.08.2022,"Paiement QR-facture ,UPC Schweiz GmbH ",112.20,,04.08.2022,39847.87
03.08.2022,"Carte débit paiement point vente CHF ,02.08.2022 17:44 Parkhaus 2 ",5.00,,03.08.2022,39960.07
03.08.2022,"Paiement domestique - BVR ,Cambra Money Bank AG ",1172.85,,03.08.2022,
02.08.2022,"Recouvrement LSV ,AXA Versicherungen AG ",201.20,,02.08.2022,41137.92
02.08.2022,"Recouvrement LSV ,ATUPRI ",258.95,,02.08.2022,
02.08.2022,"Paiement QR-facture ,IBB Energie AG ",610.00,,02.08.2022,
29.07.2022,"Paiement QR-facture ,Sunrise Communications AG ",49.90,,29.07.2022,42208.07
29.07.2022,"Paiement clearing ,ADM IN SWISS SARL ROUTE DE FERNEY 15 ",,17048.15,29.07.2022,
28.07.2022,"Paiement clearing ,PEGASYSTEMS AG ",,447.52,28.07.2022,25209.82
27.07.2022,"Recouvrement LSV ,Sanitas Grundversicherungen AG Debi ",19.95,,27.07.2022,24762.30
27.07.2022,"Recouvrement LSV ,Sanitas Grundversicherungen AG Debi ",87.70,,27.07.2022,
20.07.2022,"Paiement clearing ,Sanitas Grundversicherungen AG ",,197.50,20.07.2022,24869.95
19.07.2022,"Paiement QR-facture ,Kita Dammweg ",2311.65,,19.07.2022,24672.45
13.07.2022,"Recouvrement LSV ,Sanitas Grundversicherungen AG Debi ",134.95,,13.07.2022,26984.10
13.07.2022,"Recouvrement LSV ,Sanitas Grundversicherungen AG Debi ",160.10,,13.07.2022,
13.07.2022,"Recouvrement LSV ,SWISSCARD AECS GMBH ",5268.30,,13.07.2022,
11.07.2022,"Paiement QR-facture ,SERAFE AG ",335.00,,11.07.2022,32547.45
10.07.2022,"TWINT Paiement ,Parkingpay 8953 Dietikon ",5.00,,09.07.2022,32882.45
10.07.2022,"TWINT Crédit ,Zarsky, Peter +41797091938 ",,50.00,09.07.2022,
08.07.2022,"Paiement QR-facture ,Arztpraxis Dr. med. Manuela Jörg Bru ",219.45,,08.07.2022,32837.45
07.07.2022,"Paiement clearing ,PEGASYSTEMS AG ",,157.90,07.07.2022,33056.90
06.07.2022,"Recouvrement LSV ,Sanitas Grundversicherungen AG Debi ",14.15,,06.07.2022,32899.00
04.07.2022,"Paiement clearing ,AXA Versicherungen AG ",,90.00,04.07.2022,32913.15
01.07.2022,"Recouvrement LSV ,AXA Versicherungen AG ",201.20,,01.07.2022,32823.15
01.07.2022,"Recouvrement LSV ,ATUPRI ",258.95,,01.07.2022,
30.06.2022,"Paiement domestique - BVR ,Sunrise Communications AG ",49.90,,30.06.2022,33283.30
30.06.2022,"D'intérêts hypothécaires ,0845-1543384-71 ",162.00,,30.06.2022,
30.06.2022,"D'intérêts hypothécaires ,0845-1543384-71-  1 ",1960.00,,30.06.2022,
30.06.2022,"Paiement QR-facture ,Steueramt des Kantons Aargau ",72993.00,,30.06.2022,
30.06.2022,"Paiement clearing ,ADM IN SWISS SARL ROUTE DE FERNEY 15 ",,26571.40,30.06.2022,
29.06.2022,"Recouvrement LSV ,Sanitas Grundversicherungen AG Debi ",10.80,,29.06.2022,81876.80
28.06.2022,"Paiement domestique - BVR ,Cambra Money Bank AG ",1172.85,,28.06.2022,81887.60
27.06.2022,CSX Décompte de frais,20.30,,27.06.2022,83060.45
24.06.2022,Frais de placements financiers,69.95,,30.06.2022,83080.75
21.06.2022,"Paiement QR-facture ,Kita Dammweg ",2226.75,,21.06.2022,83150.70
15.06.2022,"Recouvrement LSV ,Sanitas Grundversicherungen AG Debi ",343.30,,15.06.2022,85377.45
14.06.2022,"Recouvrement LSV ,SWISSCARD AECS GMBH ",5326.90,,14.06.2022,85720.75
10.06.2022,"Carte de débit retrait liquide CHF ,09.06.2022 17:55 CS ZH Werdmuehle 4 ",100.00,,09.06.2022,91047.65
01.06.2022,"Recouvrement LSV ,AXA Versicherungen AG ",201.20,,01.06.2022,91147.65
01.06.2022,"Paiement QR-facture ,IBB Energie AG ",202.35,,01.06.2022,
01.06.2022,"Paiement QR-facture ,UPC Schweiz GmbH ",225.05,,01.06.2022,
01.06.2022,"Recouvrement LSV ,ATUPRI ",258.95,,01.06.2022,
31.05.2022,"Paiement domestique - BVR ,Sunrise Communications AG ",49.90,,31.05.2022,92035.20
31.05.2022,"Paiement clearing ,ADM IN SWISS SARL ROUTE DE FERNEY 15 ",,15279.70,31.05.2022,
30.05.2022,"Transfert compte à compte ,Caroline Frances Beaman, Turgi ",,30000.00,30.05.2022,76805.40
27.05.2022,Cotisation paquet Bonviva Platinum,54.55,,27.05.2022,46805.40
27.05.2022,"Paiement domestique - BVR ,Cambra Money Bank AG ",1172.85,,27.05.2022,
27.05.2022,"Paiement clearing ,PEGASYSTEMS AG ",,219.70,27.05.2022,
25.05.2022,"Recouvrement LSV ,Sanitas Grundversicherungen AG Debi ",114.75,,25.05.2022,47813.10
25.05.2022,"Solde des écritures de bouclement ,as shown separately ",,1.26,25.05.2022,
22.05.2022,"TWINT Paiement ,Parkingpay 8953 Dietikon ",0.90,,21.05.2022,47926.59
19.05.2022,"Recouvrement LSV ,AEW ENERGIE AG ",230.00,,19.05.2022,47927.49
19.05.2022,"Prélèvement billets en ME ,CSCH Zürich-Werdmühleplatz (0 ",3078.00,,19.05.2022,
17.05.2022,"TWINT Paiement , Johanna +41767091982 ",10.00,,15.05.2022,51235.49
17.05.2022,"TWINT Paiement , Melissa +41798335121 ",20.00,,15.05.2022,
17.05.2022,"Carte débit paiement point vente CHF ,16.05.2022 08:39 Aldi Suisse 01 ",55.90,,17.05.2022,
17.05.2022,"Paiement QR-facture ,Kita Dammweg ",2664.45,,17.05.2022,
17.05.2022,"Paiement clearing ,Abt.Finanzen Aargau Tresorerie ",,502.60,17.05.2022,
16.05.2022,"Carte débit paiement point vente CHF ,13.05.2022 08:18 Moser's Gebenstorf ",10.30,,16.05.2022,53483.24
16.05.2022,"Paiement domestique - BVR ,UPC Schweiz GmbH ",112.20,,16.05.2022,
13.05.2022,"Recouvrement LSV ,SWISSCARD AECS GMBH ",3792.40,,13.05.2022,53605.74
11.05.2022,"Recouvrement LSV ,Sanitas Grundversicherungen AG Debi ",34.20,,11.05.2022,57398.14
11.05.2022,"Recouvrement LSV ,Sanitas Grundversicherungen AG Debi ",40.90,,11.05.2022,
10.05.2022,"TWINT Paiement ,Parkingpay 8953 Dietikon ",0.90,,09.05.2022,57473.24
10.05.2022,"Carte débit paiement point vente CHF ,07.05.2022 10:45 SumUp  *Genossensch ",9.00,,10.05.2022,
09.05.2022,"Paiement QR-facture ,Arztpraxis Dr. med. Manuela Jörg Bru ",31.80,,09.05.2022,57483.14
09.05.2022,"Paiement QR-facture ,Kleintier- und Vogelpraxis Baden-Dät ",51.00,,09.05.2022,
02.05.2022,"Recouvrement LSV ,AXA Versicherungen AG ",201.20,,02.05.2022,57565.94
02.05.2022,"Recouvrement LSV ,ATUPRI ",258.95,,02.05.2022,
29.04.2022,"Paiement domestique - BVR ,Sunrise Communications AG ",49.90,,29.04.2022,58026.09
29.04.2022,"Paiement QR-facture ,IBB Energie AG ",610.00,,29.04.2022,
29.04.2022,"Paiement clearing ,ADM IN SWISS SARL ROUTE DE FERNEY 15 ",,16952.65,29.04.2022,
27.04.2022,"Paiement domestique - BVR ,Cambra Money Bank AG ",1172.85,,27.04.2022,41733.34
26.04.2022,"Carte débit paiement point vente CHF ,24.04.2022 08:59 Terrassenbad ",12.00,,26.04.2022,42906.19
22.04.2022,"Ordre de bonification ,Aarg Tierschutzverein ",113.10,,22.04.2022,42918.19
22.04.2022,"Paiement domestique - BVR ,Artpraxis Dr. med Manuela Jorg Br ",125.45,,22.04.2022,
22.04.2022,"Paiement QR-facture ,Einwohnergemeinde Turgi ",280.00,,22.04.2022,
19.04.2022,"Ordre de bonification ,Cosmopolitan Lodge No. 43 ",960.00,,19.04.2022,43436.74
19.04.2022,"Paiement QR-facture ,Kita Dammweg ",3204.45,,19.04.2022,
TOTAL DE LA COLONNE,,883082.41,1066357.88,,
